Workbook
Name v_bf: '목록'!$G$2:$G$7
Name v_cmp: '목록'!$H$2:$H$10
Name v_p1: '목록'!$D$2:$D$12
Name v_p2: '목록'!$E$2:$E$10
Name v_sds: '목록'!$F$2:$F$8
Name 제품목록: '목록'!$A$2:$A$6

Sheet 목록
A1: 제품 | B1: 범위이름 | D1: 콘트라베이스 | E1: 비올라 | F1: SDS+ | G1: BF | H1: CMP
A2: 콘트라베이스 | B2: v_p1 | D2: 6.2.0 | E2: 4.0.0 | F2: 3.0.0 | G2: 2.2.0 | H2: 5.2.0
A3: 비올라 | B3: v_p2 | D3: 6.0.1 | E3: 3.4.2 | F3: 2.4.0 | G3: 2.1.0 | H3: 5.0.1
A4: SDS+ | B4: v_sds | D4: 6.0.0 | E4: 3.4.0 | F4: 2.2.0 | G4: 2.0.0 | H4: 5.0.0
A5: BF | B5: v_bf | D5: 5.2.1 | E5: 3.2.0 | F5: 2.0.1 | G5: 1.6.0 | H5: 4.4.0
A6: CMP | B6: v_cmp | D6: 5.2.0 | E6: 3.0.3 | F6: 2.0.0 | G6: 1.5.0 | H6: 4.2.1
D7: 5.0.5 | E7: 3.0.0 | F7: 1.9.0 | G7: 1.4.0 | H7: 4.2.0
D8: 5.0.2 | E8: 2.8.0 | F8: 1.8.0 | H8: 3.11.0
D9: 5.0.0 | E9: 2.6.4 | H9: 3.9.2
D10: 4.4.0 | E10: 2.6.0 | H10: 3.9.0
D11: 4.2.3
D12: 4.2.0

Sheet 데이터
A1: 세트ID | B1: 제품 | C1: 버전 | D1: 단서 조건 | E1: 매칭
A2: R2026.2 | B2: 콘트라베이스 | C2: 6.2.0 | E2: =IF(COUNTIFS($A$2:$A$45,$A2,$B$2:$B$45,호환매트릭스!$C$5,$C$2:$C$45,호환매트릭스!$C$6)>0,1,0) -> 0
A3: R2026.2 | B3: 비올라 | C3: 4.0.0 | E3: =IF(COUNTIFS($A$2:$A$45,$A3,$B$2:$B$45,호환매트릭스!$C$5,$C$2:$C$45,호환매트릭스!$C$6)>0,1,0) -> 0
A4: R2026.2 | B4: SDS+ | C4: 3.0.0 | E4: =IF(COUNTIFS($A$2:$A$45,$A4,$B$2:$B$45,호환매트릭스!$C$5,$C$2:$C$45,호환매트릭스!$C$6)>0,1,0) -> 0
A5: R2026.2 | B5: BF | C5: 2.2.0 | E5: =IF(COUNTIFS($A$2:$A$45,$A5,$B$2:$B$45,호환매트릭스!$C$5,$C$2:$C$45,호환매트릭스!$C$6)>0,1,0) -> 0
A6: R2026.2 | B6: CMP | C6: 5.2.0 | E6: =IF(COUNTIFS($A$2:$A$45,$A6,$B$2:$B$45,호환매트릭스!$C$5,$C$2:$C$45,호환매트릭스!$C$6)>0,1,0) -> 0
A7: R2026.1 | B7: 콘트라베이스 | C7: 6.0.1 | E7: =IF(COUNTIFS($A$2:$A$45,$A7,$B$2:$B$45,호환매트릭스!$C$5,$C$2:$C$45,호환매트릭스!$C$6)>0,1,0) -> 0
A8: R2026.1 | B8: 콘트라베이스 | C8: 6.0.0 | E8: =IF(COUNTIFS($A$2:$A$45,$A8,$B$2:$B$45,호환매트릭스!$C$5,$C$2:$C$45,호환매트릭스!$C$6)>0,1,0) -> 0
A9: R2026.1 | B9: 비올라 | C9: 3.4.2 | E9: =IF(COUNTIFS($A$2:$A$45,$A9,$B$2:$B$45,호환매트릭스!$C$5,$C$2:$C$45,호환매트릭스!$C$6)>0,1,0) -> 0
A10: R2026.1 | B10: 비올라 | C10: 3.4.0 | E10: =IF(COUNTIFS($A$2:$A$45,$A10,$B$2:$B$45,호환매트릭스!$C$5,$C$2:$C$45,호환매트릭스!$C$6)>0,1,0) -> 0
A11: R2026.1 | B11: SDS+ | C11: 2.4.0 | D11: SDS+ 2.4.0 은 콘트라베이스 6.0.1 이상에서만 스냅샷 오프로딩을 지원합니다. | E11: =IF(COUNTIFS($A$2:$A$45,$A11,$B$2:$B$45,호환매트릭스!$C$5,$C$2:$C$45,호환매트릭스!$C$6)>0,1,0) -> 0
A12: R2026.1 | B12: BF | C12: 2.1.0 | E12: =IF(COUNTIFS($A$2:$A$45,$A12,$B$2:$B$45,호환매트릭스!$C$5,$C$2:$C$45,호환매트릭스!$C$6)>0,1,0) -> 0
A13: R2026.1 | B13: CMP | C13: 5.0.1 | E13: =IF(COUNTIFS($A$2:$A$45,$A13,$B$2:$B$45,호환매트릭스!$C$5,$C$2:$C$45,호환매트릭스!$C$6)>0,1,0) -> 0
A14: R2026.1 | B14: CMP | C14: 5.0.0 | E14: =IF(COUNTIFS($A$2:$A$45,$A14,$B$2:$B$45,호환매트릭스!$C$5,$C$2:$C$45,호환매트릭스!$C$6)>0,1,0) -> 0
A15: R2025.2 | B15: 콘트라베이스 | C15: 5.2.1 | E15: =IF(COUNTIFS($A$2:$A$45,$A15,$B$2:$B$45,호환매트릭스!$C$5,$C$2:$C$45,호환매트릭스!$C$6)>0,1,0) -> 0
A16: R2025.2 | B16: 콘트라베이스 | C16: 5.2.0 | E16: =IF(COUNTIFS($A$2:$A$45,$A16,$B$2:$B$45,호환매트릭스!$C$5,$C$2:$C$45,호환매트릭스!$C$6)>0,1,0) -> 0
A17: R2025.2 | B17: 콘트라베이스 | C17: 5.0.5 | E17: =IF(COUNTIFS($A$2:$A$45,$A17,$B$2:$B$45,호환매트릭스!$C$5,$C$2:$C$45,호환매트릭스!$C$6)>0,1,0) -> 0
A18: R2025.2 | B18: 비올라 | C18: 3.2.0 | E18: =IF(COUNTIFS($A$2:$A$45,$A18,$B$2:$B$45,호환매트릭스!$C$5,$C$2:$C$45,호환매트릭스!$C$6)>0,1,0) -> 0
A19: R2025.2 | B19: SDS+ | C19: 2.2.0 | E19: =IF(COUNTIFS($A$2:$A$45,$A19,$B$2:$B$45,호환매트릭스!$C$5,$C$2:$C$45,호환매트릭스!$C$6)>0,1,0) -> 0
A20: R2025.2 | B20: BF | C20: 2.0.0 | D20: BF 2.0.0 부터 백업 카탈로그 스키마가 변경되어 1.x 로 되돌릴 수 없습니다. | E20: =IF(COUNTIFS($A$2:$A$45,$A20,$B$2:$B$45,호환매트릭스!$C$5,$C$2:$C$45,호환매트릭스!$C$6)>0,1,0) -> 0
A21: R2025.2 | B21: CMP | C21: 4.4.0 | E21: =IF(COUNTIFS($A$2:$A$45,$A21,$B$2:$B$45,호환매트릭스!$C$5,$C$2:$C$45,호환매트릭스!$C$6)>0,1,0) -> 0
A22: R2025.2 | B22: CMP | C22: 4.2.1 | E22: =IF(COUNTIFS($A$2:$A$45,$A22,$B$2:$B$45,호환매트릭스!$C$5,$C$2:$C$45,호환매트릭스!$C$6)>0,1,0) -> 0
A23: R2025.1 | B23: 콘트라베이스 | C23: 5.0.5 | E23: =IF(COUNTIFS($A$2:$A$45,$A23,$B$2:$B$45,호환매트릭스!$C$5,$C$2:$C$45,호환매트릭스!$C$6)>0,1,0) -> 0
A24: R2025.1 | B24: 콘트라베이스 | C24: 5.0.2 | E24: =IF(COUNTIFS($A$2:$A$45,$A24,$B$2:$B$45,호환매트릭스!$C$5,$C$2:$C$45,호환매트릭스!$C$6)>0,1,0) -> 0
A25: R2025.1 | B25: 콘트라베이스 | C25: 5.0.0 | E25: =IF(COUNTIFS($A$2:$A$45,$A25,$B$2:$B$45,호환매트릭스!$C$5,$C$2:$C$45,호환매트릭스!$C$6)>0,1,0) -> 0
A26: R2025.1 | B26: 비올라 | C26: 3.0.3 | E26: =IF(COUNTIFS($A$2:$A$45,$A26,$B$2:$B$45,호환매트릭스!$C$5,$C$2:$C$45,호환매트릭스!$C$6)>0,1,0) -> 0
A27: R2025.1 | B27: 비올라 | C27: 3.0.0 | E27: =IF(COUNTIFS($A$2:$A$45,$A27,$B$2:$B$45,호환매트릭스!$C$5,$C$2:$C$45,호환매트릭스!$C$6)>0,1,0) -> 0
A28: R2025.1 | B28: SDS+ | C28: 2.0.1 | E28: =IF(COUNTIFS($A$2:$A$45,$A28,$B$2:$B$45,호환매트릭스!$C$5,$C$2:$C$45,호환매트릭스!$C$6)>0,1,0) -> 0
A29: R2025.1 | B29: SDS+ | C29: 2.0.0 | E29: =IF(COUNTIFS($A$2:$A$45,$A29,$B$2:$B$45,호환매트릭스!$C$5,$C$2:$C$45,호환매트릭스!$C$6)>0,1,0) -> 0
A30: R2025.1 | B30: BF | C30: 1.6.0 | E30: =IF(COUNTIFS($A$2:$A$45,$A30,$B$2:$B$45,호환매트릭스!$C$5,$C$2:$C$45,호환매트릭스!$C$6)>0,1,0) -> 0
A31: R2025.1 | B31: CMP | C31: 4.2.1 | E31: =IF(COUNTIFS($A$2:$A$45,$A31,$B$2:$B$45,호환매트릭스!$C$5,$C$2:$C$45,호환매트릭스!$C$6)>0,1,0) -> 0
A32: R2025.1 | B32: CMP | C32: 4.2.0 | E32: =IF(COUNTIFS($A$2:$A$45,$A32,$B$2:$B$45,호환매트릭스!$C$5,$C$2:$C$45,호환매트릭스!$C$6)>0,1,0) -> 0
... A45: R2024.1 | B45: CMP | C45: 3.9.0 | E45: =IF(COUNTIFS($A$2:$A$45,$A45,$B$2:$B$45,호환매트릭스!$C$5,$C$2:$C$45,호환매트릭스!$C$6)>0,1,0) -> 0

Sheet 릴리스세트
B1: 릴리스 세트 원장 — 한 세트 안의 버전들끼리 서로 호환됩니다
B2: 릴리스 세트 | C2: 상태 | D2: 출시 | E2: 지원 종료 | F2: 콘트라베이스 | G2: 비올라 | H2: SDS+ | I2: BF | J2: CMP | K2: 선택 포함
B3: R2026.2 | C3: 최신 | D3: 2026-09 | E3: 2027-09 | F3: 6.2.0 | G3: 4.0.0 | H3: 3.0.0 | I3: 2.2.0 | J3: 5.2.0 | K3: =IF(COUNTIFS(데이터!$A$2:$A$45,$B3,데이터!$B$2:$B$45,호환매트릭스!$C$5,데이터!$C$2:$C$45,호환매트릭스!$C$6)>0,1,0) -> 0
B4: R2026.1 | C4: LTS | D4: 2026-03 | E4: 2028-03 | F4: 6.0.1, 6.0.0 | G4: 3.4.2, 3.4.0 | H4: 2.4.0 | I4: 2.1.0 | J4: 5.0.1, 5.0.0 | K4: =IF(COUNTIFS(데이터!$A$2:$A$45,$B4,데이터!$B$2:$B$45,호환매트릭스!$C$5,데이터!$C$2:$C$45,호환매트릭스!$C$6)>0,1,0) -> 0
B5: R2025.2 | C5: 지원중 | D5: 2025-09 | E5: 2026-09 | F5: 5.2.1, 5.2.0, 5.0.5 | G5: 3.2.0 | H5: 2.2.0 | I5: 2.0.0 | J5: 4.4.0, 4.2.1 | K5: =IF(COUNTIFS(데이터!$A$2:$A$45,$B5,데이터!$B$2:$B$45,호환매트릭스!$C$5,데이터!$C$2:$C$45,호환매트릭스!$C$6)>0,1,0) -> 0
B6: R2025.1 | C6: LTS | D6: 2025-03 | E6: 2027-03 | F6: 5.0.5, 5.0.2, 5.0.0 | G6: 3.0.3, 3.0.0 | H6: 2.0.1, 2.0.0 | I6: 1.6.0 | J6: 4.2.1, 4.2.0 | K6: =IF(COUNTIFS(데이터!$A$2:$A$45,$B6,데이터!$B$2:$B$45,호환매트릭스!$C$5,데이터!$C$2:$C$45,호환매트릭스!$C$6)>0,1,0) -> 0
B7: R2024.2 | C7: 지원종료 | D7: 2024-09 | E7: 2025-09 | F7: 4.4.0 | G7: 2.8.0 | H7: 1.9.0 | I7: 1.5.0 | J7: 3.11.0 | K7: =IF(COUNTIFS(데이터!$A$2:$A$45,$B7,데이터!$B$2:$B$45,호환매트릭스!$C$5,데이터!$C$2:$C$45,호환매트릭스!$C$6)>0,1,0) -> 0
B8: R2024.1 | C8: 지원종료 | D8: 2024-03 | E8: 2026-03 | F8: 4.2.3, 4.2.0 | G8: 2.6.4, 2.6.0 | H8: 1.8.0 | I8: 1.4.0 | J8: 3.9.2, 3.9.0 | K8: =IF(COUNTIFS(데이터!$A$2:$A$45,$B8,데이터!$B$2:$B$45,호환매트릭스!$C$5,데이터!$C$2:$C$45,호환매트릭스!$C$6)>0,1,0) -> 0

Sheet 호환매트릭스
M1: =VLOOKUP($C$5,목록!$A:$B,2,0) -> v_p1
B2: 제품군 버전 호환성 매트릭스
B3: 제품과 버전을 고르면 함께 쓸 수 있는 버전이 초록으로 표시됩니다. 호환 기준은 개별 버전 쌍이 아니라 릴리스 세트이며, 한 버전이 여러 세트에 걸치면 그 세트들의 합집합이 호환 범위가 됩니다.
B5: 제품 | C5: 콘트라베이스
B6: 버전 | C6: 6.2.0
B7: 매칭 세트 | C7: =TRIM(IF(릴리스세트!$K3=1,릴리스세트!$B3&" ","")&IF(릴리스세트!$K4=1,릴리스세트!$B4&" ","")&IF(릴리스세트!$K5=1,릴리스세트!$B5&" ","")&IF(릴리스세트!$K6=1,릴리스세트!$B6&" ","")&IF(릴리스세트!$K7=1,릴리스세트!$B7&" ","")&IF(릴리스세트!$K8=1,릴리스세트!$B8&" ",""))
C8: 선택한 버전이 속한 릴리스 세트입니다. 여러 개면 합집합이 호환 범위가 됩니다.
B10: 콘트라베이스 | C10: 비올라 | D10: SDS+ | E10: BF | F10: CMP
B11: 오케스트레이션 엔진 | C11: 모니터링 · 관측 | D11: 소프트웨어 정의 스토리지 | E11: 백업 · 페일오버 | F11: 클라우드 관리 포털
B12: 6.2.0 | C12: 4.0.0 | D12: 3.0.0 | E12: 2.2.0 | F12: 5.2.0
B13: 6.0.1 | C13: 3.4.2 | D13: 2.4.0 | E13: 2.1.0 | F13: 5.0.1
B14: 6.0.0 | C14: 3.4.0 | D14: 2.2.0 | E14: 2.0.0 | F14: 5.0.0
B15: 5.2.1 | C15: 3.2.0 | D15: 2.0.1 | E15: 1.6.0 | F15: 4.4.0
B16: 5.2.0 | C16: 3.0.3 | D16: 2.0.0 | E16: 1.5.0 | F16: 4.2.1
B17: 5.0.5 | C17: 3.0.0 | D17: 1.9.0 | E17: 1.4.0 | F17: 4.2.0
B18: 5.0.2 | C18: 2.8.0 | D18: 1.8.0 | F18: 3.11.0
B19: 5.0.0 | C19: 2.6.4 | F19: 3.9.2
B20: 4.4.0 | C20: 2.6.0 | F20: 3.9.0
B21: 4.2.3
B22: 4.2.0
B24: 범례 | C24: 선택 | D24: 호환 | E24: 비호환
B25: 데이터를 바꾸려면 호환성_입력.csv 를 수정한 뒤 python3 build_compat.py 를 다시 실행하세요.
